block_number,stimulus_seq,trial_seq,trial_number,trial_type,stimulus_type,image_v1,image_v2,hue_v1,hue_prom_v1,hue_v2,hue_prom_v2,image_v3,image_v4,hue_v3,hue_prom_v3,hue_v4,hue_prom_v4,image_v5,image_v6,hue_v5,hue_prom_v5,hue_v6,hue_prom_v6
4,1,1,46,ongoing,ongoing,https://memcog.fernuni.ch/studies/prm_wm_s1/images/linedpaper.png,https://memcog.fernuni.ch/studies/prm_wm_s1/images/cinderblock.png,-54.54287,NA,43.43770,NA,https://memcog.fernuni.ch/studies/prm_wm_s1/images/penne.png,https://memcog.fernuni.ch/studies/prm_wm_s1/images/Jesusstatue.png,-54.54287,NA,43.43770,NA,https://memcog.fernuni.ch/studies/prm_wm_s1/images/filingcabinet.png,https://memcog.fernuni.ch/studies/prm_wm_s1/images/donotwalksign.png,-54.54287,NA,43.43770,NA
5,2,2,47,ongoing,ongoing,https://memcog.fernuni.ch/studies/prm_wm_s1/images/frenchfries.png,https://memcog.fernuni.ch/studies/prm_wm_s1/images/sunflowerseeds.png,128.82798,NA,-15.61492,NA,https://memcog.fernuni.ch/studies/prm_wm_s1/images/bluecheese.png,https://memcog.fernuni.ch/studies/prm_wm_s1/images/exercisebike.png,128.82798,NA,-15.61492,NA,https://memcog.fernuni.ch/studies/prm_wm_s1/images/barbecue03.png,https://memcog.fernuni.ch/studies/prm_wm_s1/images/church.png,128.82798,NA,-15.61492,NA
4,3,3,46,ongoing,ongoing,https://memcog.fernuni.ch/studies/prm_wm_s1/images/pumpkin.png,https://memcog.fernuni.ch/studies/prm_wm_s1/images/gazebo.png,-130.53178,NA,149.78968,NA,https://memcog.fernuni.ch/studies/prm_wm_s1/images/outdoorchair.png,https://memcog.fernuni.ch/studies/prm_wm_s1/images/gong.png,-130.53178,NA,149.78968,NA,https://memcog.fernuni.ch/studies/prm_wm_s1/images/chest01.png,https://memcog.fernuni.ch/studies/prm_wm_s1/images/puzzle.png,-130.53178,NA,149.78968,NA
4,4,1,47,ongoing,ongoing,https://memcog.fernuni.ch/studies/prm_wm_s1/images/donotwalksign.png,https://memcog.fernuni.ch/studies/prm_wm_s1/images/dartboard.png,100.01465,NA,39.8775,NA,https://memcog.fernuni.ch/studies/prm_wm_s1/images/mortarandpestle.png,https://memcog.fernuni.ch/studies/prm_wm_s1/images/coloringset.png,100.01465,NA,39.8775,NA,https://memcog.fernuni.ch/studies/prm_wm_s1/images/humanskull.png,https://memcog.fernuni.ch/studies/prm_wm_s1/images/popcorn.png,100.01465,NA,39.8775,NA
4,5,2,47,ongoing,ongoing,https://memcog.fernuni.ch/studies/prm_wm_s1/images/handcuffs.png,https://memcog.fernuni.ch/studies/prm_wm_s1/images/treetrunk.png,-86.35924,NA,142.4418,NA,https://memcog.fernuni.ch/studies/prm_wm_s1/images/callbell.png,https://memcog.fernuni.ch/studies/prm_wm_s1/images/airhockeytable.png,-86.35924,NA,142.4418,NA,https://memcog.fernuni.ch/studies/prm_wm_s1/images/windmill.png,https://memcog.fernuni.ch/studies/prm_wm_s1/images/sportsjersey.png,-86.35924,NA,142.4418,NA
4,6,3,47,ongoing,ongoing,https://memcog.fernuni.ch/studies/prm_wm_s1/images/maraca01.png,https://memcog.fernuni.ch/studies/prm_wm_s1/images/bun.png,-156.88151,NA,-156.6190,NA,https://memcog.fernuni.ch/studies/prm_wm_s1/images/oven.png,https://memcog.fernuni.ch/studies/prm_wm_s1/images/hangar.png,-156.88151,NA,-156.6190,NA,https://memcog.fernuni.ch/studies/prm_wm_s1/images/tankertruck.png,https://memcog.fernuni.ch/studies/prm_wm_s1/images/snowman.png,-156.88151,NA,-156.6190,NA
5,7,1,48,ongoing,ongoing,https://memcog.fernuni.ch/studies/prm_wm_s1/images/eggslicer.png,https://memcog.fernuni.ch/studies/prm_wm_s1/images/road02.png,129.865,NA,-158.25021,NA,https://memcog.fernuni.ch/studies/prm_wm_s1/images/exitsign.png,https://memcog.fernuni.ch/studies/prm_wm_s1/images/key07.png,129.865,NA,-158.25021,NA,https://memcog.fernuni.ch/studies/prm_wm_s1/images/doubledoors.png,https://memcog.fernuni.ch/studies/prm_wm_s1/images/pipe.png,129.865,NA,-158.25021,NA
5,8,2,48,ongoing,ongoing,https://memcog.fernuni.ch/studies/prm_wm_s1/images/tortillachip.png,https://memcog.fernuni.ch/studies/prm_wm_s1/images/marble.png,-94.02382,NA,50.38334,NA,https://memcog.fernuni.ch/studies/prm_wm_s1/images/nosmokingsign.png,https://memcog.fernuni.ch/studies/prm_wm_s1/images/safe.png,-94.02382,NA,50.38334,NA,https://memcog.fernuni.ch/studies/prm_wm_s1/images/windowshutter.png,https://memcog.fernuni.ch/studies/prm_wm_s1/images/fortunecookie.png,-94.02382,NA,50.38334,NA
5,9,3,48,ongoing,ongoing,https://memcog.fernuni.ch/studies/prm_wm_s1/images/hockeypuck.png,https://memcog.fernuni.ch/studies/prm_wm_s1/images/noparkingsign.png,83.45801,NA,107.24329,NA,https://memcog.fernuni.ch/studies/prm_wm_s1/images/playground.png,https://memcog.fernuni.ch/studies/prm_wm_s1/images/gutteranddrainpipe.png,83.45801,NA,107.24329,NA,https://memcog.fernuni.ch/studies/prm_wm_s1/images/coloringset.png,https://memcog.fernuni.ch/studies/prm_wm_s1/images/8ball.png,83.45801,NA,107.24329,NA
5,10,1,49,ongoing,ongoing,https://memcog.fernuni.ch/studies/prm_wm_s1/images/cherrytomato01.png,https://memcog.fernuni.ch/studies/prm_wm_s1/images/cherrytomato01.png,-162.4891,NA,137.799308,NA,https://memcog.fernuni.ch/studies/prm_wm_s1/images/gardenswing.png,https://memcog.fernuni.ch/studies/prm_wm_s1/images/satellitedish01.png,-162.4891,NA,137.799308,NA,https://memcog.fernuni.ch/studies/prm_wm_s1/images/lifesaver.png,https://memcog.fernuni.ch/studies/prm_wm_s1/images/bikerack.png,-162.4891,NA,137.799308,NA
5,11,2,49,ongoing,ongoing,https://memcog.fernuni.ch/studies/prm_wm_s1/images/weddingcake.png,https://memcog.fernuni.ch/studies/prm_wm_s1/images/charcoalbarbecue.png,61.1854,NA,-9.775576,NA,https://memcog.fernuni.ch/studies/prm_wm_s1/images/ballofstring.png,https://memcog.fernuni.ch/studies/prm_wm_s1/images/usbcable01a.png,61.1854,NA,-9.775576,NA,https://memcog.fernuni.ch/studies/prm_wm_s1/images/outdoorfireplace.png,https://memcog.fernuni.ch/studies/prm_wm_s1/images/balcony02.png,61.1854,NA,-9.775576,NA
5,12,3,49,ongoing,ongoing,https://memcog.fernuni.ch/studies/prm_wm_s1/images/eye.png,https://memcog.fernuni.ch/studies/prm_wm_s1/images/soccerball.png,110.3565,NA,-55.482884,NA,https://memcog.fernuni.ch/studies/prm_wm_s1/images/chimney.png,https://memcog.fernuni.ch/studies/prm_wm_s1/images/punchingball.png,110.3565,NA,-55.482884,NA,https://memcog.fernuni.ch/studies/prm_wm_s1/images/heatpump.png,https://memcog.fernuni.ch/studies/prm_wm_s1/images/stairs.png,110.3565,NA,-55.482884,NA
5,13,1,50,ongoing,ongoing,https://memcog.fernuni.ch/studies/prm_wm_s1/images/swimsuit.png,https://memcog.fernuni.ch/studies/prm_wm_s1/images/jeep.png,91.82449,NA,173.63243,NA,https://memcog.fernuni.ch/studies/prm_wm_s1/images/redonion.png,https://memcog.fernuni.ch/studies/prm_wm_s1/images/kiddiepool.png,91.82449,NA,173.63243,NA,https://memcog.fernuni.ch/studies/prm_wm_s1/images/bookshelf.png,https://memcog.fernuni.ch/studies/prm_wm_s1/images/sailboat.png,91.82449,NA,173.63243,NA
5,14,2,50,ongoing,ongoing,https://memcog.fernuni.ch/studies/prm_wm_s1/images/bowlofcereal.png,https://memcog.fernuni.ch/studies/prm_wm_s1/images/entrancegate.png,173.42364,NA,98.84098,NA,https://memcog.fernuni.ch/studies/prm_wm_s1/images/acorn.png,https://memcog.fernuni.ch/studies/prm_wm_s1/images/nose.png,173.42364,NA,98.84098,NA,https://memcog.fernuni.ch/studies/prm_wm_s1/images/steeringwheel.png,https://memcog.fernuni.ch/studies/prm_wm_s1/images/aluminiumfoil.png,173.42364,NA,98.84098,NA
5,15,3,50,ongoing,ongoing,https://memcog.fernuni.ch/studies/prm_wm_s1/images/garbagebin.png,https://memcog.fernuni.ch/studies/prm_wm_s1/images/watervalve.png,-158.40472,NA,-66.78700,NA,https://memcog.fernuni.ch/studies/prm_wm_s1/images/gasburner.png,https://memcog.fernuni.ch/studies/prm_wm_s1/images/flipflop01b.png,-158.40472,NA,-66.78700,NA,https://memcog.fernuni.ch/studies/prm_wm_s1/images/treestump.png,https://memcog.fernuni.ch/studies/prm_wm_s1/images/showerhead01.png,-158.40472,NA,-66.78700,NA
5,16,1,51,prom,ongoing,https://memcog.fernuni.ch/studies/prm_wm_s1/images/snowglobe.png,https://memcog.fernuni.ch/studies/prm_wm_s1/images/phonebooth.png,-97.25163,NA,171.728437,NA,https://memcog.fernuni.ch/studies/prm_wm_s1/images/cruiseship.png,https://memcog.fernuni.ch/studies/prm_wm_s1/images/hockeygoalieglove.png,-97.25163,NA,171.728437,NA,https://memcog.fernuni.ch/studies/prm_wm_s1/images/eggnoodle.png,https://memcog.fernuni.ch/studies/prm_wm_s1/images/fridge.png,-97.25163,NA,171.728437,NA
5,17,2,51,prom,ongoing,https://memcog.fernuni.ch/studies/prm_wm_s1/images/painting.png,https://memcog.fernuni.ch/studies/prm_wm_s1/images/football.png,121.25121,NA,-174.726566,NA,https://memcog.fernuni.ch/studies/prm_wm_s1/images/airvent.png,https://memcog.fernuni.ch/studies/prm_wm_s1/images/salsa.png,121.25121,NA,-174.726566,NA,https://memcog.fernuni.ch/studies/prm_wm_s1/images/gastank.png,https://memcog.fernuni.ch/studies/prm_wm_s1/images/bulldozer.png,121.25121,NA,-174.726566,NA
5,18,3,51,prom,prom_spec,https://memcog.fernuni.ch/studies/prm_wm_s1/images/grandpiano.png,https://memcog.fernuni.ch/studies/prm_wm_s1/images/violin.png,-143.31892,17,-1.818731,-107,prm_501.jpg,prm_502.jpg,-143.31892,17,-1.818731,-107,prm_117.jpg,prm_162.jpg,-143.31892,17,-1.818731,-107
5,19,1,52,ongoing,ongoing,https://memcog.fernuni.ch/studies/prm_wm_s1/images/woodenshoe.png,https://memcog.fernuni.ch/studies/prm_wm_s1/images/spotlight.png,-152.9912,NA,179.2949,NA,https://memcog.fernuni.ch/studies/prm_wm_s1/images/bed.png,https://memcog.fernuni.ch/studies/prm_wm_s1/images/railwaycrossingsign.png,-152.9912,NA,179.2949,NA,https://memcog.fernuni.ch/studies/prm_wm_s1/images/worldmap.png,https://memcog.fernuni.ch/studies/prm_wm_s1/images/barbecue03.png,-152.9912,NA,179.2949,NA
5,20,2,52,ongoing,ongoing,https://memcog.fernuni.ch/studies/prm_wm_s1/images/artichoke01b.png,https://memcog.fernuni.ch/studies/prm_wm_s1/images/knee.png,118.0166,NA,108.3939,NA,https://memcog.fernuni.ch/studies/prm_wm_s1/images/hockeygoalieglove.png,https://memcog.fernuni.ch/studies/prm_wm_s1/images/boxingglove01.png,118.0166,NA,108.3939,NA,https://memcog.fernuni.ch/studies/prm_wm_s1/images/bowlofchips.png,https://memcog.fernuni.ch/studies/prm_wm_s1/images/keyhole.png,118.0166,NA,108.3939,NA
5,21,3,52,ongoing,ongoing,https://memcog.fernuni.ch/studies/prm_wm_s1/images/diploma01.png,https://memcog.fernuni.ch/studies/prm_wm_s1/images/cremebrulee.png,160.1119,NA,-149.9985,NA,https://memcog.fernuni.ch/studies/prm_wm_s1/images/phonebooth.png,https://memcog.fernuni.ch/studies/prm_wm_s1/images/couch02.png,160.1119,NA,-149.9985,NA,https://memcog.fernuni.ch/studies/prm_wm_s1/images/armchair02.png,https://memcog.fernuni.ch/studies/prm_wm_s1/images/stroller.png,160.1119,NA,-149.9985,NA
5,22,1,53,ongoing,ongoing,https://memcog.fernuni.ch/studies/prm_wm_s1/images/sportsjersey.png,https://memcog.fernuni.ch/studies/prm_wm_s1/images/spiderweb.png,-61.41013,NA,130.00166,NA,https://memcog.fernuni.ch/studies/prm_wm_s1/images/lightswitch01.png,https://memcog.fernuni.ch/studies/prm_wm_s1/images/bucket02.png,-61.41013,NA,130.00166,NA,https://memcog.fernuni.ch/studies/prm_wm_s1/images/safe.png,https://memcog.fernuni.ch/studies/prm_wm_s1/images/lawnmowertractor.png,-61.41013,NA,130.00166,NA
5,23,2,53,ongoing,ongoing,https://memcog.fernuni.ch/studies/prm_wm_s1/images/sink.png,https://memcog.fernuni.ch/studies/prm_wm_s1/images/memorialplaque.png,-121.34805,NA,-18.08672,NA,https://memcog.fernuni.ch/studies/prm_wm_s1/images/showerhead01.png,https://memcog.fernuni.ch/studies/prm_wm_s1/images/star.png,-121.34805,NA,-18.08672,NA,https://memcog.fernuni.ch/studies/prm_wm_s1/images/gravyboat.png,https://memcog.fernuni.ch/studies/prm_wm_s1/images/bluecheese.png,-121.34805,NA,-18.08672,NA
5,24,3,53,ongoing,ongoing,https://memcog.fernuni.ch/studies/prm_wm_s1/images/diaperbag.png,https://memcog.fernuni.ch/studies/prm_wm_s1/images/moon.png,162.29587,NA,-154.12173,NA,https://memcog.fernuni.ch/studies/prm_wm_s1/images/steamroller.png,https://memcog.fernuni.ch/studies/prm_wm_s1/images/brainmodel.png,162.29587,NA,-154.12173,NA,https://memcog.fernuni.ch/studies/prm_wm_s1/images/fireplace.png,https://memcog.fernuni.ch/studies/prm_wm_s1/images/icecube02.png,162.29587,NA,-154.12173,NA
5,25,1,54,ongoing,ongoing,https://memcog.fernuni.ch/studies/prm_wm_s1/images/guacamole.png,https://memcog.fernuni.ch/studies/prm_wm_s1/images/carbattery.png,-83.85062,NA,34.46655,NA,https://memcog.fernuni.ch/studies/prm_wm_s1/images/slushiemachine.png,https://memcog.fernuni.ch/studies/prm_wm_s1/images/scissorlift.png,-83.85062,NA,34.46655,NA,https://memcog.fernuni.ch/studies/prm_wm_s1/images/chocolatemilk.png,https://memcog.fernuni.ch/studies/prm_wm_s1/images/spicerack.png,-83.85062,NA,34.46655,NA
5,26,2,54,ongoing,ongoing,https://memcog.fernuni.ch/studies/prm_wm_s1/images/brainmodel.png,https://memcog.fernuni.ch/studies/prm_wm_s1/images/artichoke01b.png,145.72362,NA,-172.60349,NA,https://memcog.fernuni.ch/studies/prm_wm_s1/images/bucket02.png,https://memcog.fernuni.ch/studies/prm_wm_s1/images/parachute.png,145.72362,NA,-172.60349,NA,https://memcog.fernuni.ch/studies/prm_wm_s1/images/sandbagthrowgame.png,https://memcog.fernuni.ch/studies/prm_wm_s1/images/eggslicer.png,145.72362,NA,-172.60349,NA
5,27,3,54,ongoing,ongoing,https://memcog.fernuni.ch/studies/prm_wm_s1/images/basketball01.png,https://memcog.fernuni.ch/studies/prm_wm_s1/images/volleyball.png,-125.28461,NA,86.61363,NA,https://memcog.fernuni.ch/studies/prm_wm_s1/images/snowman.png,https://memcog.fernuni.ch/studies/prm_wm_s1/images/pin.png,-125.28461,NA,86.61363,NA,https://memcog.fernuni.ch/studies/prm_wm_s1/images/jarofcapers.png,https://memcog.fernuni.ch/studies/prm_wm_s1/images/fusebox.png,-125.28461,NA,86.61363,NA
5,28,1,55,ongoing,ongoing,https://memcog.fernuni.ch/studies/prm_wm_s1/images/apron.png,https://memcog.fernuni.ch/studies/prm_wm_s1/images/gearshift.png,-135.43039,NA,110.42172,NA,https://memcog.fernuni.ch/studies/prm_wm_s1/images/floodlight.png,https://memcog.fernuni.ch/studies/prm_wm_s1/images/spacerover.png,-135.43039,NA,110.42172,NA,https://memcog.fernuni.ch/studies/prm_wm_s1/images/watervalve.png,https://memcog.fernuni.ch/studies/prm_wm_s1/images/heatpump.png,-135.43039,NA,110.42172,NA
5,29,2,55,ongoing,ongoing,https://memcog.fernuni.ch/studies/prm_wm_s1/images/turnstile.png,https://memcog.fernuni.ch/studies/prm_wm_s1/images/urinal.png,-56.73722,NA,-61.34423,NA,https://memcog.fernuni.ch/studies/prm_wm_s1/images/urinal.png,https://memcog.fernuni.ch/studies/prm_wm_s1/images/treestump.png,-56.73722,NA,-61.34423,NA,https://memcog.fernuni.ch/studies/prm_wm_s1/images/fortunecookie.png,https://memcog.fernuni.ch/studies/prm_wm_s1/images/womenwashroomsign.png,-56.73722,NA,-61.34423,NA
5,30,3,55,ongoing,ongoing,https://memcog.fernuni.ch/studies/prm_wm_s1/images/trailerhitchball.png,https://memcog.fernuni.ch/studies/prm_wm_s1/images/saladspinner.png,73.11586,NA,150.95792,NA,https://memcog.fernuni.ch/studies/prm_wm_s1/images/shoulder.png,https://memcog.fernuni.ch/studies/prm_wm_s1/images/magneticcompass.png,73.11586,NA,150.95792,NA,https://memcog.fernuni.ch/studies/prm_wm_s1/images/tire.png,https://memcog.fernuni.ch/studies/prm_wm_s1/images/hockeypuck.png,73.11586,NA,150.95792,NA
5,31,1,56,ongoing,ongoing,https://memcog.fernuni.ch/studies/prm_wm_s1/images/windowblinds02.png,https://memcog.fernuni.ch/studies/prm_wm_s1/images/smokedetector02.png,65.93304,NA,-21.38072,NA,https://memcog.fernuni.ch/studies/prm_wm_s1/images/wafflemaker.png,https://memcog.fernuni.ch/studies/prm_wm_s1/images/bolt01a.png,65.93304,NA,-21.38072,NA,https://memcog.fernuni.ch/studies/prm_wm_s1/images/icebucket.png,https://memcog.fernuni.ch/studies/prm_wm_s1/images/pottery.png,65.93304,NA,-21.38072,NA
5,32,2,56,ongoing,ongoing,https://memcog.fernuni.ch/studies/prm_wm_s1/images/waterfountain02.png,https://memcog.fernuni.ch/studies/prm_wm_s1/images/djmixer01.png,-82.2306,NA,37.29153,NA,https://memcog.fernuni.ch/studies/prm_wm_s1/images/fingerprint.png,https://memcog.fernuni.ch/studies/prm_wm_s1/images/funnel.png,-82.2306,NA,37.29153,NA,https://memcog.fernuni.ch/studies/prm_wm_s1/images/doghouse.png,https://memcog.fernuni.ch/studies/prm_wm_s1/images/cementtruck.png,-82.2306,NA,37.29153,NA
5,33,3,56,ongoing,ongoing,https://memcog.fernuni.ch/studies/prm_wm_s1/images/pokerchips.png,https://memcog.fernuni.ch/studies/prm_wm_s1/images/oven.png,-156.88502,NA,-168.55954,NA,https://memcog.fernuni.ch/studies/prm_wm_s1/images/ceilingspeaker.png,https://memcog.fernuni.ch/studies/prm_wm_s1/images/gardenutilityvehicle.png,-156.88502,NA,-168.55954,NA,https://memcog.fernuni.ch/studies/prm_wm_s1/images/shelves.png,https://memcog.fernuni.ch/studies/prm_wm_s1/images/frenchfries.png,-156.88502,NA,-168.55954,NA
5,34,1,57,ongoing,ongoing,https://memcog.fernuni.ch/studies/prm_wm_s1/images/spiderweb.png,https://memcog.fernuni.ch/studies/prm_wm_s1/images/tire.png,143.30817,NA,159.57034,NA,https://memcog.fernuni.ch/studies/prm_wm_s1/images/toyfiretruck.png,https://memcog.fernuni.ch/studies/prm_wm_s1/images/crosscountryboot.png,143.30817,NA,159.57034,NA,https://memcog.fernuni.ch/studies/prm_wm_s1/images/freighttruck.png,https://memcog.fernuni.ch/studies/prm_wm_s1/images/rubikcube.png,143.30817,NA,159.57034,NA
6,35,2,57,ongoing,ongoing,https://memcog.fernuni.ch/studies/prm_wm_s1/images/toytanktruck.png,https://memcog.fernuni.ch/studies/prm_wm_s1/images/firstaidkit.png,87.06069,NA,-41.04771,NA,https://memcog.fernuni.ch/studies/prm_wm_s1/images/shinpad.png,https://memcog.fernuni.ch/studies/prm_wm_s1/images/honeycomb.png,87.06069,NA,-41.04771,NA,https://memcog.fernuni.ch/studies/prm_wm_s1/images/volleyball.png,https://memcog.fernuni.ch/studies/prm_wm_s1/images/locomotive.png,87.06069,NA,-41.04771,NA
5,36,3,57,ongoing,ongoing,https://memcog.fernuni.ch/studies/prm_wm_s1/images/portapotty.png,https://memcog.fernuni.ch/studies/prm_wm_s1/images/cloud.png,-93.5509,NA,86.58324,NA,https://memcog.fernuni.ch/studies/prm_wm_s1/images/donotentersign.png,https://memcog.fernuni.ch/studies/prm_wm_s1/images/outdoorchair.png,-93.5509,NA,86.58324,NA,https://memcog.fernuni.ch/studies/prm_wm_s1/images/busshelter.png,https://memcog.fernuni.ch/studies/prm_wm_s1/images/gastank.png,-93.5509,NA,86.58324,NA
5,37,1,58,ongoing,ongoing,https://memcog.fernuni.ch/studies/prm_wm_s1/images/chiliflake.png,https://memcog.fernuni.ch/studies/prm_wm_s1/images/bread.png,-132.84077,NA,50.83115,NA,https://memcog.fernuni.ch/studies/prm_wm_s1/images/pavedsidewalk.png,https://memcog.fernuni.ch/studies/prm_wm_s1/images/phonejack.png,-132.84077,NA,50.83115,NA,https://memcog.fernuni.ch/studies/prm_wm_s1/images/toolbox02.png,https://memcog.fernuni.ch/studies/prm_wm_s1/images/muffintray01.png,-132.84077,NA,50.83115,NA
5,38,2,58,ongoing,ongoing,https://memcog.fernuni.ch/studies/prm_wm_s1/images/hibiscusflower02.png,https://memcog.fernuni.ch/studies/prm_wm_s1/images/chocolatemilk.png,81.38742,NA,-61.04782,NA,https://memcog.fernuni.ch/studies/prm_wm_s1/images/keyhook.png,https://memcog.fernuni.ch/studies/prm_wm_s1/images/slushiemachine.png,81.38742,NA,-61.04782,NA,https://memcog.fernuni.ch/studies/prm_wm_s1/images/makiroll.png,https://memcog.fernuni.ch/studies/prm_wm_s1/images/daisy.png,81.38742,NA,-61.04782,NA
5,39,3,58,ongoing,ongoing,https://memcog.fernuni.ch/studies/prm_wm_s1/images/fuse.png,https://memcog.fernuni.ch/studies/prm_wm_s1/images/record.png,-31.49201,NA,179.62414,NA,https://memcog.fernuni.ch/studies/prm_wm_s1/images/trafficlight.png,https://memcog.fernuni.ch/studies/prm_wm_s1/images/shoulderpad.png,-31.49201,NA,179.62414,NA,https://memcog.fernuni.ch/studies/prm_wm_s1/images/sunflowerseeds.png,https://memcog.fernuni.ch/studies/prm_wm_s1/images/turnstile.png,-31.49201,NA,179.62414,NA
6,40,1,59,ongoing,ongoing,https://memcog.fernuni.ch/studies/prm_wm_s1/images/shield02.png,https://memcog.fernuni.ch/studies/prm_wm_s1/images/pouch01b.png,-100.73578,NA,-1.718368,NA,https://memcog.fernuni.ch/studies/prm_wm_s1/images/mailtruck.png,https://memcog.fernuni.ch/studies/prm_wm_s1/images/cashregister01.png,-100.73578,NA,-1.718368,NA,https://memcog.fernuni.ch/studies/prm_wm_s1/images/soccerball.png,https://memcog.fernuni.ch/studies/prm_wm_s1/images/sandbagthrowgame.png,-100.73578,NA,-1.718368,NA
6,41,2,59,ongoing,ongoing,https://memcog.fernuni.ch/studies/prm_wm_s1/images/dormer.png,https://memcog.fernuni.ch/studies/prm_wm_s1/images/manholecover.png,-154.50921,NA,66.756994,NA,https://memcog.fernuni.ch/studies/prm_wm_s1/images/officechair03.png,https://memcog.fernuni.ch/studies/prm_wm_s1/images/trailer.png,-154.50921,NA,66.756994,NA,https://memcog.fernuni.ch/studies/prm_wm_s1/images/toasteroven.png,https://memcog.fernuni.ch/studies/prm_wm_s1/images/airconditioner.png,-154.50921,NA,66.756994,NA
6,42,3,59,ongoing,ongoing,https://memcog.fernuni.ch/studies/prm_wm_s1/images/stroller.png,https://memcog.fernuni.ch/studies/prm_wm_s1/images/frisbee.png,-49.85758,NA,132.000584,NA,https://memcog.fernuni.ch/studies/prm_wm_s1/images/radiator.png,https://memcog.fernuni.ch/studies/prm_wm_s1/images/bowlofchips.png,-49.85758,NA,132.000584,NA,https://memcog.fernuni.ch/studies/prm_wm_s1/images/blackolive.png,https://memcog.fernuni.ch/studies/prm_wm_s1/images/chocolatecroissant.png,-49.85758,NA,132.000584,NA
6,43,1,60,ongoing,ongoing,https://memcog.fernuni.ch/studies/prm_wm_s1/images/balcony02.png,https://memcog.fernuni.ch/studies/prm_wm_s1/images/casabamelon.png,-68.76169,NA,0.526003,NA,https://memcog.fernuni.ch/studies/prm_wm_s1/images/spotlight.png,https://memcog.fernuni.ch/studies/prm_wm_s1/images/lilypad.png,-68.76169,NA,0.526003,NA,https://memcog.fernuni.ch/studies/prm_wm_s1/images/belltower01.png,https://memcog.fernuni.ch/studies/prm_wm_s1/images/palmier.png,-68.76169,NA,0.526003,NA
6,44,2,60,ongoing,ongoing,https://memcog.fernuni.ch/studies/prm_wm_s1/images/fingernail02.png,https://memcog.fernuni.ch/studies/prm_wm_s1/images/hand01b.png,-177.05234,NA,44.001245,NA,https://memcog.fernuni.ch/studies/prm_wm_s1/images/pokerset.png,https://memcog.fernuni.ch/studies/prm_wm_s1/images/generator.png,-177.05234,NA,44.001245,NA,https://memcog.fernuni.ch/studies/prm_wm_s1/images/parkfountain.png,https://memcog.fernuni.ch/studies/prm_wm_s1/images/chiliflake.png,-177.05234,NA,44.001245,NA
6,45,3,60,ongoing,ongoing,https://memcog.fernuni.ch/studies/prm_wm_s1/images/cowbell.png,https://memcog.fernuni.ch/studies/prm_wm_s1/images/plantpot.png,99.36645,NA,176.671804,NA,https://memcog.fernuni.ch/studies/prm_wm_s1/images/aquarium.png,https://memcog.fernuni.ch/studies/prm_wm_s1/images/lychee01.png,99.36645,NA,176.671804,NA,https://memcog.fernuni.ch/studies/prm_wm_s1/images/lawnmowertractor.png,https://memcog.fernuni.ch/studies/prm_wm_s1/images/goldnugget.png,99.36645,NA,176.671804,NA
6,46,1,61,ongoing,ongoing,https://memcog.fernuni.ch/studies/prm_wm_s1/images/gazebo.png,https://memcog.fernuni.ch/studies/prm_wm_s1/images/wallclock.png,-86.97752,NA,136.941244,NA,https://memcog.fernuni.ch/studies/prm_wm_s1/images/granolabar01.png,https://memcog.fernuni.ch/studies/prm_wm_s1/images/fluorescentlightbulb.png,-86.97752,NA,136.941244,NA,https://memcog.fernuni.ch/studies/prm_wm_s1/images/staplegun.png,https://memcog.fernuni.ch/studies/prm_wm_s1/images/woodencrate01.png,-86.97752,NA,136.941244,NA
6,47,2,61,ongoing,ongoing,https://memcog.fernuni.ch/studies/prm_wm_s1/images/foosballtable.png,https://memcog.fernuni.ch/studies/prm_wm_s1/images/jarofapplesauce.png,139.0125,NA,6.387474,NA,https://memcog.fernuni.ch/studies/prm_wm_s1/images/barrel01.png,https://memcog.fernuni.ch/studies/prm_wm_s1/images/photocopier.png,139.0125,NA,6.387474,NA,https://memcog.fernuni.ch/studies/prm_wm_s1/images/fridge.png,https://memcog.fernuni.ch/studies/prm_wm_s1/images/espressomachine.png,139.0125,NA,6.387474,NA
6,48,3,61,ongoing,ongoing,https://memcog.fernuni.ch/studies/prm_wm_s1/images/television.png,https://memcog.fernuni.ch/studies/prm_wm_s1/images/penne.png,-172.59696,NA,-66.298473,NA,https://memcog.fernuni.ch/studies/prm_wm_s1/images/mitresaw.png,https://memcog.fernuni.ch/studies/prm_wm_s1/images/travelmug.png,-172.59696,NA,-66.298473,NA,https://memcog.fernuni.ch/studies/prm_wm_s1/images/mailbox01.png,https://memcog.fernuni.ch/studies/prm_wm_s1/images/fingerprint.png,-172.59696,NA,-66.298473,NA
6,49,1,62,ongoing,ongoing,https://memcog.fernuni.ch/studies/prm_wm_s1/images/licenseplate.png,https://memcog.fernuni.ch/studies/prm_wm_s1/images/wheelchair.png,103.3438,NA,90.77708,NA,https://memcog.fernuni.ch/studies/prm_wm_s1/images/pricesign.png,https://memcog.fernuni.ch/studies/prm_wm_s1/images/chandelier.png,103.3438,NA,90.77708,NA,https://memcog.fernuni.ch/studies/prm_wm_s1/images/tablesaw.png,https://memcog.fernuni.ch/studies/prm_wm_s1/images/scanner.png,103.3438,NA,90.77708,NA
6,50,2,62,ongoing,ongoing,https://memcog.fernuni.ch/studies/prm_wm_s1/images/daisy.png,https://memcog.fernuni.ch/studies/prm_wm_s1/images/postalmailbox01.png,-112.7546,NA,160.07656,NA,https://memcog.fernuni.ch/studies/prm_wm_s1/images/freezer02.png,https://memcog.fernuni.ch/studies/prm_wm_s1/images/pavedsidewalk.png,-112.7546,NA,160.07656,NA,https://memcog.fernuni.ch/studies/prm_wm_s1/images/curtain.png,https://memcog.fernuni.ch/studies/prm_wm_s1/images/handgripper.png,-112.7546,NA,160.07656,NA
6,51,3,62,ongoing,ongoing,https://memcog.fernuni.ch/studies/prm_wm_s1/images/chocolatechip.png,https://memcog.fernuni.ch/studies/prm_wm_s1/images/eye.png,-57.9223,NA,2.46743,NA,https://memcog.fernuni.ch/studies/prm_wm_s1/images/electrictransformer.png,https://memcog.fernuni.ch/studies/prm_wm_s1/images/springroll.png,-57.9223,NA,2.46743,NA,https://memcog.fernuni.ch/studies/prm_wm_s1/images/trailer.png,https://memcog.fernuni.ch/studies/prm_wm_s1/images/steeringwheel.png,-57.9223,NA,2.46743,NA
6,52,1,63,ongoing,ongoing,https://memcog.fernuni.ch/studies/prm_wm_s1/images/shed02.png,https://memcog.fernuni.ch/studies/prm_wm_s1/images/bowtie.png,-140.66991,NA,-171.85274,NA,https://memcog.fernuni.ch/studies/prm_wm_s1/images/corn02.png,https://memcog.fernuni.ch/studies/prm_wm_s1/images/ducttape.png,-140.66991,NA,-171.85274,NA,https://memcog.fernuni.ch/studies/prm_wm_s1/images/cementtruck.png,https://memcog.fernuni.ch/studies/prm_wm_s1/images/fireplace.png,-140.66991,NA,-171.85274,NA
6,53,2,63,ongoing,ongoing,https://memcog.fernuni.ch/studies/prm_wm_s1/images/boxtruck.png,https://memcog.fernuni.ch/studies/prm_wm_s1/images/icemaker.png,-85.73485,NA,64.92391,NA,https://memcog.fernuni.ch/studies/prm_wm_s1/images/fanblades.png,https://memcog.fernuni.ch/studies/prm_wm_s1/images/bed.png,-85.73485,NA,64.92391,NA,https://memcog.fernuni.ch/studies/prm_wm_s1/images/podium.png,https://memcog.fernuni.ch/studies/prm_wm_s1/images/smartboard.png,-85.73485,NA,64.92391,NA
6,54,3,63,ongoing,ongoing,https://memcog.fernuni.ch/studies/prm_wm_s1/images/cookingpot.png,https://memcog.fernuni.ch/studies/prm_wm_s1/images/papershredder.png,142.32115,NA,111.31338,NA,https://memcog.fernuni.ch/studies/prm_wm_s1/images/buddhastatue.png,https://memcog.fernuni.ch/studies/prm_wm_s1/images/blackolive.png,142.32115,NA,111.31338,NA,https://memcog.fernuni.ch/studies/prm_wm_s1/images/carlighter02.png,https://memcog.fernuni.ch/studies/prm_wm_s1/images/jarofcapers.png,142.32115,NA,111.31338,NA
6,55,1,64,ongoing,ongoing,https://memcog.fernuni.ch/studies/prm_wm_s1/images/maplebuttercone.png,https://memcog.fernuni.ch/studies/prm_wm_s1/images/radiator.png,-92.5464,NA,-173.52245,NA,https://memcog.fernuni.ch/studies/prm_wm_s1/images/inukshuk.png,https://memcog.fernuni.ch/studies/prm_wm_s1/images/napkin.png,-92.5464,NA,-173.52245,NA,https://memcog.fernuni.ch/studies/prm_wm_s1/images/boxingglove01.png,https://memcog.fernuni.ch/studies/prm_wm_s1/images/floodlight.png,-92.5464,NA,-173.52245,NA
6,56,2,64,ongoing,ongoing,https://memcog.fernuni.ch/studies/prm_wm_s1/images/charcoalbarbecue.png,https://memcog.fernuni.ch/studies/prm_wm_s1/images/bikewheel.png,150.88263,NA,93.86023,NA,https://memcog.fernuni.ch/studies/prm_wm_s1/images/treadmill.png,https://memcog.fernuni.ch/studies/prm_wm_s1/images/candydispenser.png,150.88263,NA,93.86023,NA,https://memcog.fernuni.ch/studies/prm_wm_s1/images/gift01.png,https://memcog.fernuni.ch/studies/prm_wm_s1/images/bowlofcereal.png,150.88263,NA,93.86023,NA
6,57,3,64,ongoing,ongoing,https://memcog.fernuni.ch/studies/prm_wm_s1/images/christmastree.png,https://memcog.fernuni.ch/studies/prm_wm_s1/images/webcam.png,72.87469,NA,146.40747,NA,https://memcog.fernuni.ch/studies/prm_wm_s1/images/pottery.png,https://memcog.fernuni.ch/studies/prm_wm_s1/images/toilet.png,72.87469,NA,146.40747,NA,https://memcog.fernuni.ch/studies/prm_wm_s1/images/springroll.png,https://memcog.fernuni.ch/studies/prm_wm_s1/images/jeans01.png,72.87469,NA,146.40747,NA
6,58,1,65,ongoing,ongoing,https://memcog.fernuni.ch/studies/prm_wm_s1/images/recyclingbin.png,https://memcog.fernuni.ch/studies/prm_wm_s1/images/licenseplate.png,91.18869,NA,148.65511,NA,https://memcog.fernuni.ch/studies/prm_wm_s1/images/dryingmachine02.png,https://memcog.fernuni.ch/studies/prm_wm_s1/images/keyboard.png,91.18869,NA,148.65511,NA,https://memcog.fernuni.ch/studies/prm_wm_s1/images/8ball.png,https://memcog.fernuni.ch/studies/prm_wm_s1/images/bust.png,91.18869,NA,148.65511,NA
6,59,2,65,ongoing,ongoing,https://memcog.fernuni.ch/studies/prm_wm_s1/images/faxmachine.png,https://memcog.fernuni.ch/studies/prm_wm_s1/images/jumpercables.png,134.11759,NA,38.28307,NA,https://memcog.fernuni.ch/studies/prm_wm_s1/images/bathtub.png,https://memcog.fernuni.ch/studies/prm_wm_s1/images/ear.png,134.11759,NA,38.28307,NA,https://memcog.fernuni.ch/studies/prm_wm_s1/images/motorcycle.png,https://memcog.fernuni.ch/studies/prm_wm_s1/images/faxmachine.png,134.11759,NA,38.28307,NA
6,60,3,65,ongoing,ongoing,https://memcog.fernuni.ch/studies/prm_wm_s1/images/castle.png,https://memcog.fernuni.ch/studies/prm_wm_s1/images/diploma01.png,-93.82985,NA,-168.49833,NA,https://memcog.fernuni.ch/studies/prm_wm_s1/images/waterlily.png,https://memcog.fernuni.ch/studies/prm_wm_s1/images/carjack.png,-93.82985,NA,-168.49833,NA,https://memcog.fernuni.ch/studies/prm_wm_s1/images/shoulderpad.png,https://memcog.fernuni.ch/studies/prm_wm_s1/images/aircompressor.png,-93.82985,NA,-168.49833,NA
6,61,1,66,ongoing,ongoing,https://memcog.fernuni.ch/studies/prm_wm_s1/images/keyboard.png,https://memcog.fernuni.ch/studies/prm_wm_s1/images/guacamole.png,99.75831,NA,-56.65400,NA,https://memcog.fernuni.ch/studies/prm_wm_s1/images/manholecover.png,https://memcog.fernuni.ch/studies/prm_wm_s1/images/recyclingbin.png,99.75831,NA,-56.65400,NA,https://memcog.fernuni.ch/studies/prm_wm_s1/images/chainmail.png,https://memcog.fernuni.ch/studies/prm_wm_s1/images/toasteroven.png,99.75831,NA,-56.65400,NA
6,62,2,66,ongoing,ongoing,https://memcog.fernuni.ch/studies/prm_wm_s1/images/rainboot.png,https://memcog.fernuni.ch/studies/prm_wm_s1/images/baseballglove.png,-86.60214,NA,-152.16485,NA,https://memcog.fernuni.ch/studies/prm_wm_s1/images/brasslipstrike.png,https://memcog.fernuni.ch/studies/prm_wm_s1/images/jackolantern.png,-86.60214,NA,-152.16485,NA,https://memcog.fernuni.ch/studies/prm_wm_s1/images/cutleryset.png,https://memcog.fernuni.ch/studies/prm_wm_s1/images/hamslice.png,-86.60214,NA,-152.16485,NA
6,63,3,66,ongoing,ongoing,https://memcog.fernuni.ch/studies/prm_wm_s1/images/postalmailbox01.png,https://memcog.fernuni.ch/studies/prm_wm_s1/images/officecabinet.png,-169.0511,NA,-159.22358,NA,https://memcog.fernuni.ch/studies/prm_wm_s1/images/carsidemirror01.png,https://memcog.fernuni.ch/studies/prm_wm_s1/images/mortarandpestle.png,-169.0511,NA,-159.22358,NA,https://memcog.fernuni.ch/studies/prm_wm_s1/images/swissarmyknife01a.png,https://memcog.fernuni.ch/studies/prm_wm_s1/images/waterlily.png,-169.0511,NA,-159.22358,NA
6,64,1,67,prom,prom_spec,https://memcog.fernuni.ch/studies/prm_wm_s1/images/violin.png,https://memcog.fernuni.ch/studies/prm_wm_s1/images/frenchhorn.png,-159.7513,17,64.39103,-107,prm_502.jpg,prm_503.jpg,-159.7513,17,64.39103,-107,prm_162.jpg,prm_185.jpg,-159.7513,17,64.39103,-107
6,65,2,67,prom,ongoing,https://memcog.fernuni.ch/studies/prm_wm_s1/images/star.png,https://memcog.fernuni.ch/studies/prm_wm_s1/images/fence02.png,-40.92119,NA,43.72763,NA,https://memcog.fernuni.ch/studies/prm_wm_s1/images/punchingball.png,https://memcog.fernuni.ch/studies/prm_wm_s1/images/rollerblade.png,-40.92119,NA,43.72763,NA,https://memcog.fernuni.ch/studies/prm_wm_s1/images/garbagecan02.png,https://memcog.fernuni.ch/studies/prm_wm_s1/images/parkfountain.png,-40.92119,NA,43.72763,NA
6,66,3,67,prom,ongoing,https://memcog.fernuni.ch/studies/prm_wm_s1/images/airconditioner.png,https://memcog.fernuni.ch/studies/prm_wm_s1/images/gravyboat.png,123.76699,NA,166.98543,NA,https://memcog.fernuni.ch/studies/prm_wm_s1/images/foot.png,https://memcog.fernuni.ch/studies/prm_wm_s1/images/taillight.png,123.76699,NA,166.98543,NA,https://memcog.fernuni.ch/studies/prm_wm_s1/images/payphone.png,https://memcog.fernuni.ch/studies/prm_wm_s1/images/mailbox01.png,123.76699,NA,166.98543,NA
6,67,1,68,ongoing,ongoing,https://memcog.fernuni.ch/studies/prm_wm_s1/images/pintofbeer.png,https://memcog.fernuni.ch/studies/prm_wm_s1/images/firtree.png,105.4292,NA,-1.750932,NA,https://memcog.fernuni.ch/studies/prm_wm_s1/images/key07.png,https://memcog.fernuni.ch/studies/prm_wm_s1/images/inukshuk.png,105.4292,NA,-1.750932,NA,https://memcog.fernuni.ch/studies/prm_wm_s1/images/napkin.png,https://memcog.fernuni.ch/studies/prm_wm_s1/images/flowerwreath.png,105.4292,NA,-1.750932,NA
7,90,3,75,ongoing,ongoing,https://memcog.fernuni.ch/studies/prm_wm_s1/images/alarmsystem.png,https://memcog.fernuni.ch/studies/prm_wm_s1/images/castletower.png,165.736,NA,-178.833330,NA,https://memcog.fernuni.ch/studies/prm_wm_s1/images/carjack.png,https://memcog.fernuni.ch/studies/prm_wm_s1/images/shed02.png,165.736,NA,-178.833330,NA,https://memcog.fernuni.ch/studies/prm_wm_s1/images/boatmotor.png,https://memcog.fernuni.ch/studies/prm_wm_s1/images/jumpingjack.png,165.736,NA,-178.833330,NA
6,69,3,68,ongoing,ongoing,https://memcog.fernuni.ch/studies/prm_wm_s1/images/coffeemachine.png,https://memcog.fernuni.ch/studies/prm_wm_s1/images/corn02.png,-155.7033,NA,60.581476,NA,https://memcog.fernuni.ch/studies/prm_wm_s1/images/nailgun.png,https://memcog.fernuni.ch/studies/prm_wm_s1/images/chime.png,-155.7033,NA,60.581476,NA,https://memcog.fernuni.ch/studies/prm_wm_s1/images/church.png,https://memcog.fernuni.ch/studies/prm_wm_s1/images/electrictransformer.png,-155.7033,NA,60.581476,NA
6,70,1,69,ongoing,ongoing,https://memcog.fernuni.ch/studies/prm_wm_s1/images/kiwi03.png,https://memcog.fernuni.ch/studies/prm_wm_s1/images/drinkshaker.png,-100.25838,NA,161.79575,NA,https://memcog.fernuni.ch/studies/prm_wm_s1/images/dumpster.png,https://memcog.fernuni.ch/studies/prm_wm_s1/images/freezer02.png,-100.25838,NA,161.79575,NA,https://memcog.fernuni.ch/studies/prm_wm_s1/images/bulldozer.png,https://memcog.fernuni.ch/studies/prm_wm_s1/images/armchair02.png,-100.25838,NA,161.79575,NA
6,71,2,69,ongoing,ongoing,https://memcog.fernuni.ch/studies/prm_wm_s1/images/shotglass.png,https://memcog.fernuni.ch/studies/prm_wm_s1/images/schoolbus.png,-173.11242,NA,-64.05349,NA,https://memcog.fernuni.ch/studies/prm_wm_s1/images/lychee01.png,https://memcog.fernuni.ch/studies/prm_wm_s1/images/handblender.png,-173.11242,NA,-64.05349,NA,https://memcog.fernuni.ch/studies/prm_wm_s1/images/kidpicnictable.png,https://memcog.fernuni.ch/studies/prm_wm_s1/images/foot.png,-173.11242,NA,-64.05349,NA
6,72,3,69,ongoing,ongoing,https://memcog.fernuni.ch/studies/prm_wm_s1/images/powerchair.png,https://memcog.fernuni.ch/studies/prm_wm_s1/images/chimney.png,-42.35925,NA,77.39553,NA,https://memcog.fernuni.ch/studies/prm_wm_s1/images/firehydrant.png,https://memcog.fernuni.ch/studies/prm_wm_s1/images/kneepad01c.png,-42.35925,NA,77.39553,NA,https://memcog.fernuni.ch/studies/prm_wm_s1/images/kneepad01c.png,https://memcog.fernuni.ch/studies/prm_wm_s1/images/hose.png,-42.35925,NA,77.39553,NA
7,73,1,70,ongoing,ongoing,https://memcog.fernuni.ch/studies/prm_wm_s1/images/brownsugar.png,https://memcog.fernuni.ch/studies/prm_wm_s1/images/handvacuum.png,-105.33198,NA,139.72609,NA,https://memcog.fernuni.ch/studies/prm_wm_s1/images/bowtie.png,https://memcog.fernuni.ch/studies/prm_wm_s1/images/cakeplatter.png,-105.33198,NA,139.72609,NA,https://memcog.fernuni.ch/studies/prm_wm_s1/images/railwaycrossingsign.png,https://memcog.fernuni.ch/studies/prm_wm_s1/images/dormer.png,-105.33198,NA,139.72609,NA
7,74,2,70,ongoing,ongoing,https://memcog.fernuni.ch/studies/prm_wm_s1/images/cartonofeggs.png,https://memcog.fernuni.ch/studies/prm_wm_s1/images/stuffedpuffin.png,-28.55504,NA,93.46252,NA,https://memcog.fernuni.ch/studies/prm_wm_s1/images/tombstone.png,https://memcog.fernuni.ch/studies/prm_wm_s1/images/swimsuit.png,-28.55504,NA,93.46252,NA,https://memcog.fernuni.ch/studies/prm_wm_s1/images/webcam.png,https://memcog.fernuni.ch/studies/prm_wm_s1/images/barrel01.png,-28.55504,NA,93.46252,NA
7,75,3,70,ongoing,ongoing,https://memcog.fernuni.ch/studies/prm_wm_s1/images/hangar.png,https://memcog.fernuni.ch/studies/prm_wm_s1/images/breadslice.png,-148.5803,NA,-166.65352,NA,https://memcog.fernuni.ch/studies/prm_wm_s1/images/sardinecan.png,https://memcog.fernuni.ch/studies/prm_wm_s1/images/chessknight03a.png,-148.5803,NA,-166.65352,NA,https://memcog.fernuni.ch/studies/prm_wm_s1/images/dumptruck.png,https://memcog.fernuni.ch/studies/prm_wm_s1/images/granolabar01.png,-148.5803,NA,-166.65352,NA
7,76,1,71,ongoing,ongoing,https://memcog.fernuni.ch/studies/prm_wm_s1/images/calendar.png,https://memcog.fernuni.ch/studies/prm_wm_s1/images/worldmap.png,111.13073,NA,113.719284,NA,https://memcog.fernuni.ch/studies/prm_wm_s1/images/flower01.png,https://memcog.fernuni.ch/studies/prm_wm_s1/images/fanheater.png,111.13073,NA,113.719284,NA,https://memcog.fernuni.ch/studies/prm_wm_s1/images/keyhole.png,https://memcog.fernuni.ch/studies/prm_wm_s1/images/windowblinds02.png,111.13073,NA,113.719284,NA
7,77,2,71,ongoing,ongoing,https://memcog.fernuni.ch/studies/prm_wm_s1/images/boxtrailer.png,https://memcog.fernuni.ch/studies/prm_wm_s1/images/holdfast.png,-72.73097,NA,-1.734873,NA,https://memcog.fernuni.ch/studies/prm_wm_s1/images/casabamelon.png,https://memcog.fernuni.ch/studies/prm_wm_s1/images/clover.png,-72.73097,NA,-1.734873,NA,https://memcog.fernuni.ch/studies/prm_wm_s1/images/chime.png,https://memcog.fernuni.ch/studies/prm_wm_s1/images/swissarmyknife01a.png,-72.73097,NA,-1.734873,NA
7,78,3,71,ongoing,ongoing,https://memcog.fernuni.ch/studies/prm_wm_s1/images/toilet.png,https://memcog.fernuni.ch/studies/prm_wm_s1/images/garbagecan02.png,154.35424,NA,176.237140,NA,https://memcog.fernuni.ch/studies/prm_wm_s1/images/boogieboard.png,https://memcog.fernuni.ch/studies/prm_wm_s1/images/atm.png,154.35424,NA,176.237140,NA,https://memcog.fernuni.ch/studies/prm_wm_s1/images/stovetop.png,https://memcog.fernuni.ch/studies/prm_wm_s1/images/wheel04.png,154.35424,NA,176.237140,NA
7,79,1,72,ongoing,ongoing,https://memcog.fernuni.ch/studies/prm_wm_s1/images/washingmachine.png,https://memcog.fernuni.ch/studies/prm_wm_s1/images/lantern03.png,-76.81478,NA,-27.86689,NA,https://memcog.fernuni.ch/studies/prm_wm_s1/images/whiteout.png,https://memcog.fernuni.ch/studies/prm_wm_s1/images/waterfall.png,-76.81478,NA,-27.86689,NA,https://memcog.fernuni.ch/studies/prm_wm_s1/images/halogenlightbulb.png,https://memcog.fernuni.ch/studies/prm_wm_s1/images/soundmixer.png,-76.81478,NA,-27.86689,NA
7,80,2,72,ongoing,ongoing,https://memcog.fernuni.ch/studies/prm_wm_s1/images/spacerover.png,https://memcog.fernuni.ch/studies/prm_wm_s1/images/pokerchips.png,80.76056,NA,125.50809,NA,https://memcog.fernuni.ch/studies/prm_wm_s1/images/tricycle.png,https://memcog.fernuni.ch/studies/prm_wm_s1/images/firealarm.png,80.76056,NA,125.50809,NA,https://memcog.fernuni.ch/studies/prm_wm_s1/images/bowlingball.png,https://memcog.fernuni.ch/studies/prm_wm_s1/images/cartonofeggs.png,80.76056,NA,125.50809,NA
7,81,3,72,ongoing,ongoing,https://memcog.fernuni.ch/studies/prm_wm_s1/images/moon.png,https://memcog.fernuni.ch/studies/prm_wm_s1/images/staplegun.png,-32.4066,NA,79.61726,NA,https://memcog.fernuni.ch/studies/prm_wm_s1/images/doorbolt.png,https://memcog.fernuni.ch/studies/prm_wm_s1/images/brownsugar.png,-32.4066,NA,79.61726,NA,https://memcog.fernuni.ch/studies/prm_wm_s1/images/usbcable01a.png,https://memcog.fernuni.ch/studies/prm_wm_s1/images/litterbox.png,-32.4066,NA,79.61726,NA
7,82,1,73,ongoing,ongoing,https://memcog.fernuni.ch/studies/prm_wm_s1/images/gps.png,https://memcog.fernuni.ch/studies/prm_wm_s1/images/coffeemaker.png,-114.8325,NA,-160.48496,NA,https://memcog.fernuni.ch/studies/prm_wm_s1/images/discoball.png,https://memcog.fernuni.ch/studies/prm_wm_s1/images/powerchair.png,-114.8325,NA,-160.48496,NA,https://memcog.fernuni.ch/studies/prm_wm_s1/images/airhockeytable.png,https://memcog.fernuni.ch/studies/prm_wm_s1/images/floortile02.png,-114.8325,NA,-160.48496,NA
7,83,2,73,ongoing,ongoing,https://memcog.fernuni.ch/studies/prm_wm_s1/images/electricmixer.png,https://memcog.fernuni.ch/studies/prm_wm_s1/images/wetfloorsign.png,-72.72813,NA,31.07597,NA,https://memcog.fernuni.ch/studies/prm_wm_s1/images/frisbee.png,https://memcog.fernuni.ch/studies/prm_wm_s1/images/mailtruck.png,-72.72813,NA,31.07597,NA,https://memcog.fernuni.ch/studies/prm_wm_s1/images/cinderblock.png,https://memcog.fernuni.ch/studies/prm_wm_s1/images/toolbox02.png,-72.72813,NA,31.07597,NA
7,84,3,73,ongoing,ongoing,https://memcog.fernuni.ch/studies/prm_wm_s1/images/floortile02.png,https://memcog.fernuni.ch/studies/prm_wm_s1/images/porsche.png,159.30973,NA,-45.12203,NA,https://memcog.fernuni.ch/studies/prm_wm_s1/images/flipflop01b.png,https://memcog.fernuni.ch/studies/prm_wm_s1/images/fanblades.png,159.30973,NA,-45.12203,NA,https://memcog.fernuni.ch/studies/prm_wm_s1/images/football.png,https://memcog.fernuni.ch/studies/prm_wm_s1/images/mug05.png,159.30973,NA,-45.12203,NA
7,85,1,74,ongoing,ongoing,https://memcog.fernuni.ch/studies/prm_wm_s1/images/treetrunk.png,https://memcog.fernuni.ch/studies/prm_wm_s1/images/tortillachip.png,-82.25556,NA,-154.743032,NA,https://memcog.fernuni.ch/studies/prm_wm_s1/images/generator.png,https://memcog.fernuni.ch/studies/prm_wm_s1/images/martiniglass01b.png,-82.25556,NA,-154.743032,NA,https://memcog.fernuni.ch/studies/prm_wm_s1/images/spinningtoy.png,https://memcog.fernuni.ch/studies/prm_wm_s1/images/lighthouse.png,-82.25556,NA,-154.743032,NA
7,86,2,74,ongoing,ongoing,https://memcog.fernuni.ch/studies/prm_wm_s1/images/muffintray01.png,https://memcog.fernuni.ch/studies/prm_wm_s1/images/bus.png,-146.97347,NA,4.088539,NA,https://memcog.fernuni.ch/studies/prm_wm_s1/images/ear.png,https://memcog.fernuni.ch/studies/prm_wm_s1/images/patiochair.png,-146.97347,NA,4.088539,NA,https://memcog.fernuni.ch/studies/prm_wm_s1/images/noparkingsign.png,https://memcog.fernuni.ch/studies/prm_wm_s1/images/humanskull.png,-146.97347,NA,4.088539,NA
7,87,3,74,ongoing,ongoing,https://memcog.fernuni.ch/studies/prm_wm_s1/images/aceofdiamond.png,https://memcog.fernuni.ch/studies/prm_wm_s1/images/hibiscusflower02.png,75.18725,NA,114.795473,NA,https://memcog.fernuni.ch/studies/prm_wm_s1/images/golfball.png,https://memcog.fernuni.ch/studies/prm_wm_s1/images/pokerset.png,75.18725,NA,114.795473,NA,https://memcog.fernuni.ch/studies/prm_wm_s1/images/photocopier.png,https://memcog.fernuni.ch/studies/prm_wm_s1/images/suitofarmor.png,75.18725,NA,114.795473,NA
7,88,1,75,prom,ongoing,https://memcog.fernuni.ch/studies/prm_wm_s1/images/nose.png,https://memcog.fernuni.ch/studies/prm_wm_s1/images/cactus.png,69.5229,NA,-178.02257,NA,https://memcog.fernuni.ch/studies/prm_wm_s1/images/waterheater.png,https://memcog.fernuni.ch/studies/prm_wm_s1/images/toyfiretruck.png,69.5229,NA,-178.02257,NA,https://memcog.fernuni.ch/studies/prm_wm_s1/images/turnip.png,https://memcog.fernuni.ch/studies/prm_wm_s1/images/mitresaw.png,69.5229,NA,-178.02257,NA
7,89,2,75,prom,ongoing,https://memcog.fernuni.ch/studies/prm_wm_s1/images/salsa.png,https://memcog.fernuni.ch/studies/prm_wm_s1/images/golfball.png,-84.06582,NA,-34.06347,NA,https://memcog.fernuni.ch/studies/prm_wm_s1/images/hose.png,https://memcog.fernuni.ch/studies/prm_wm_s1/images/tricycle.png,-84.06582,NA,-34.06347,NA,https://memcog.fernuni.ch/studies/prm_wm_s1/images/waterfall.png,https://memcog.fernuni.ch/studies/prm_wm_s1/images/callbell.png,-84.06582,NA,-34.06347,NA
7,90,3,75,prom,prom_spec,https://memcog.fernuni.ch/studies/prm_wm_s1/images/frenchhorn.png,https://memcog.fernuni.ch/studies/prm_wm_s1/images/accordion.png,-144.02075,17,101.05495,-107,prm_503.jpg,prm_504.jpg,-144.02075,17,101.05495,-107,prm_185.jpg,prm_240.jpg,-144.02075,17,101.05495,-107
7,91,1,76,ongoing,ongoing,https://memcog.fernuni.ch/studies/prm_wm_s1/images/barn.png,https://memcog.fernuni.ch/studies/prm_wm_s1/images/table01.png,-131.0746,NA,124.0960,NA,https://memcog.fernuni.ch/studies/prm_wm_s1/images/marble.png,https://memcog.fernuni.ch/studies/prm_wm_s1/images/apron.png,-131.0746,NA,124.0960,NA,https://memcog.fernuni.ch/studies/prm_wm_s1/images/tree.png,https://memcog.fernuni.ch/studies/prm_wm_s1/images/washingmachine.png,-131.0746,NA,124.0960,NA
7,92,2,76,ongoing,ongoing,https://memcog.fernuni.ch/studies/prm_wm_s1/images/carbattery.png,https://memcog.fernuni.ch/studies/prm_wm_s1/images/pumpkin.png,106.0991,NA,37.0334,NA,https://memcog.fernuni.ch/studies/prm_wm_s1/images/fusebox.png,https://memcog.fernuni.ch/studies/prm_wm_s1/images/waders.png,106.0991,NA,37.0334,NA,https://memcog.fernuni.ch/studies/prm_wm_s1/images/baseballglove.png,https://memcog.fernuni.ch/studies/prm_wm_s1/images/onewaysign.png,106.0991,NA,37.0334,NA
7,93,3,76,ongoing,ongoing,https://memcog.fernuni.ch/studies/prm_wm_s1/images/blender.png,https://memcog.fernuni.ch/studies/prm_wm_s1/images/boatmotor.png,157.0363,NA,177.3023,NA,https://memcog.fernuni.ch/studies/prm_wm_s1/images/elbow.png,https://memcog.fernuni.ch/studies/prm_wm_s1/images/contactlens.png,157.0363,NA,177.3023,NA,https://memcog.fernuni.ch/studies/prm_wm_s1/images/eyechart.png,https://memcog.fernuni.ch/studies/prm_wm_s1/images/taxisign.png,157.0363,NA,177.3023,NA
7,94,1,77,ongoing,ongoing,https://memcog.fernuni.ch/studies/prm_wm_s1/images/taxisign.png,https://memcog.fernuni.ch/studies/prm_wm_s1/images/ballofstring.png,75.98752,NA,-147.68194,NA,https://memcog.fernuni.ch/studies/prm_wm_s1/images/palmier.png,https://memcog.fernuni.ch/studies/prm_wm_s1/images/stool01.png,75.98752,NA,-147.68194,NA,https://memcog.fernuni.ch/studies/prm_wm_s1/images/mug05.png,https://memcog.fernuni.ch/studies/prm_wm_s1/images/shopvac.png,75.98752,NA,-147.68194,NA
7,95,2,77,ongoing,ongoing,https://memcog.fernuni.ch/studies/prm_wm_s1/images/jumpercables.png,https://memcog.fernuni.ch/studies/prm_wm_s1/images/flower01.png,-85.20237,NA,61.19587,NA,https://memcog.fernuni.ch/studies/prm_wm_s1/images/well.png,https://memcog.fernuni.ch/studies/prm_wm_s1/images/electricitymeter.png,-85.20237,NA,61.19587,NA,https://memcog.fernuni.ch/studies/prm_wm_s1/images/puppettheatre.png,https://memcog.fernuni.ch/studies/prm_wm_s1/images/donotentersign.png,-85.20237,NA,61.19587,NA
7,96,3,77,ongoing,ongoing,https://memcog.fernuni.ch/studies/prm_wm_s1/images/smartboard.png,https://memcog.fernuni.ch/studies/prm_wm_s1/images/shoulder.png,159.74583,NA,150.46879,NA,https://memcog.fernuni.ch/studies/prm_wm_s1/images/saltshaker03a.png,https://memcog.fernuni.ch/studies/prm_wm_s1/images/cupcake.png,159.74583,NA,150.46879,NA,https://memcog.fernuni.ch/studies/prm_wm_s1/images/handgripper.png,https://memcog.fernuni.ch/studies/prm_wm_s1/images/carsidemirror01.png,159.74583,NA,150.46879,NA
7,97,1,78,ongoing,ongoing,https://memcog.fernuni.ch/studies/prm_wm_s1/images/chandelier.png,https://memcog.fernuni.ch/studies/prm_wm_s1/images/cookingpot.png,83.41368,NA,-5.364124,NA,https://memcog.fernuni.ch/studies/prm_wm_s1/images/womenwashroomsign.png,https://memcog.fernuni.ch/studies/prm_wm_s1/images/icebucket.png,83.41368,NA,-5.364124,NA,https://memcog.fernuni.ch/studies/prm_wm_s1/images/doormat.png,https://memcog.fernuni.ch/studies/prm_wm_s1/images/corkboard.png,83.41368,NA,-5.364124,NA
7,98,2,78,ongoing,ongoing,https://memcog.fernuni.ch/studies/prm_wm_s1/images/corkboard.png,https://memcog.fernuni.ch/studies/prm_wm_s1/images/elbow.png,-79.96421,NA,165.034712,NA,https://memcog.fernuni.ch/studies/prm_wm_s1/images/litterbox.png,https://memcog.fernuni.ch/studies/prm_wm_s1/images/escalator.png,-79.96421,NA,165.034712,NA,https://memcog.fernuni.ch/studies/prm_wm_s1/images/record.png,https://memcog.fernuni.ch/studies/prm_wm_s1/images/trampoline.png,-79.96421,NA,165.034712,NA
7,99,3,78,ongoing,ongoing,https://memcog.fernuni.ch/studies/prm_wm_s1/images/brassknuckle.png,https://memcog.fernuni.ch/studies/prm_wm_s1/images/campfire.png,-27.55513,NA,-160.312547,NA,https://memcog.fernuni.ch/studies/prm_wm_s1/images/stool01.png,https://memcog.fernuni.ch/studies/prm_wm_s1/images/diaperbag.png,-27.55513,NA,-160.312547,NA,https://memcog.fernuni.ch/studies/prm_wm_s1/images/hockeygoaliepad.png,https://memcog.fernuni.ch/studies/prm_wm_s1/images/shelves.png,-27.55513,NA,-160.312547,NA
7,100,1,79,ongoing,ongoing,https://memcog.fernuni.ch/studies/prm_wm_s1/images/sprinkler.png,https://memcog.fernuni.ch/studies/prm_wm_s1/images/windowshutter.png,98.50399,NA,-33.90633,NA,https://memcog.fernuni.ch/studies/prm_wm_s1/images/skiboot01a.png,https://memcog.fernuni.ch/studies/prm_wm_s1/images/sink.png,98.50399,NA,-33.90633,NA,https://memcog.fernuni.ch/studies/prm_wm_s1/images/icecube02.png,https://memcog.fernuni.ch/studies/prm_wm_s1/images/officechair03.png,98.50399,NA,-33.90633,NA
7,101,2,79,ongoing,ongoing,https://memcog.fernuni.ch/studies/prm_wm_s1/images/breadslice.png,https://memcog.fernuni.ch/studies/prm_wm_s1/images/desktopcomputer.png,167.79943,NA,21.05644,NA,https://memcog.fernuni.ch/studies/prm_wm_s1/images/dartboard.png,https://memcog.fernuni.ch/studies/prm_wm_s1/images/whiteout.png,167.79943,NA,21.05644,NA,https://memcog.fernuni.ch/studies/prm_wm_s1/images/wagonwheel.png,https://memcog.fernuni.ch/studies/prm_wm_s1/images/podium.png,167.79943,NA,21.05644,NA
7,102,3,79,ongoing,ongoing,https://memcog.fernuni.ch/studies/prm_wm_s1/images/videotape01b.png,https://memcog.fernuni.ch/studies/prm_wm_s1/images/nailgun.png,-76.27608,NA,61.26953,NA,https://memcog.fernuni.ch/studies/prm_wm_s1/images/rollerblade.png,https://memcog.fernuni.ch/studies/prm_wm_s1/images/greathornowl.png,-76.27608,NA,61.26953,NA,https://memcog.fernuni.ch/studies/prm_wm_s1/images/honeycomb.png,https://memcog.fernuni.ch/studies/prm_wm_s1/images/coffeemachine.png,-76.27608,NA,61.26953,NA
8,103,1,80,ongoing,ongoing,https://memcog.fernuni.ch/studies/prm_wm_s1/images/travelmug.png,https://memcog.fernuni.ch/studies/prm_wm_s1/images/doghouse.png,-164.38575,NA,21.98214,NA,https://memcog.fernuni.ch/studies/prm_wm_s1/images/cupcake.png,https://memcog.fernuni.ch/studies/prm_wm_s1/images/christmastree.png,-164.38575,NA,21.98214,NA,https://memcog.fernuni.ch/studies/prm_wm_s1/images/ipad02.png,https://memcog.fernuni.ch/studies/prm_wm_s1/images/tent.png,-164.38575,NA,21.98214,NA
8,104,2,80,ongoing,ongoing,https://memcog.fernuni.ch/studies/prm_wm_s1/images/menwashroomsign.png,https://memcog.fernuni.ch/studies/prm_wm_s1/images/gamecontroller01.png,-75.31013,NA,113.26954,NA,https://memcog.fernuni.ch/studies/prm_wm_s1/images/jackolantern.png,https://memcog.fernuni.ch/studies/prm_wm_s1/images/filingcabinet.png,-75.31013,NA,113.26954,NA,https://memcog.fernuni.ch/studies/prm_wm_s1/images/handvacuum.png,https://memcog.fernuni.ch/studies/prm_wm_s1/images/visor.png,-75.31013,NA,113.26954,NA
8,105,3,80,ongoing,ongoing,https://memcog.fernuni.ch/studies/prm_wm_s1/images/crosscountryboot.png,https://memcog.fernuni.ch/studies/prm_wm_s1/images/shotglass.png,132.18442,NA,-28.06323,NA,https://memcog.fernuni.ch/studies/prm_wm_s1/images/donut.png,https://memcog.fernuni.ch/studies/prm_wm_s1/images/footrest02.png,132.18442,NA,-28.06323,NA,https://memcog.fernuni.ch/studies/prm_wm_s1/images/papershredder.png,https://memcog.fernuni.ch/studies/prm_wm_s1/images/bookshelf.png,132.18442,NA,-28.06323,NA
8,106,1,81,ongoing,ongoing,https://memcog.fernuni.ch/studies/prm_wm_s1/images/bikerack.png,https://memcog.fernuni.ch/studies/prm_wm_s1/images/shield02.png,-42.44488,NA,-18.44708,NA,https://memcog.fernuni.ch/studies/prm_wm_s1/images/laundrybasket01a.png,https://memcog.fernuni.ch/studies/prm_wm_s1/images/acorn.png,-42.44488,NA,-18.44708,NA,https://memcog.fernuni.ch/studies/prm_wm_s1/images/gutteranddrainpipe.png,https://memcog.fernuni.ch/studies/prm_wm_s1/images/tree.png,-42.44488,NA,-18.44708,NA
8,107,2,81,ongoing,ongoing,https://memcog.fernuni.ch/studies/prm_wm_s1/images/bolt01a.png,https://memcog.fernuni.ch/studies/prm_wm_s1/images/aceofdiamond.png,138.18653,NA,31.81020,NA,https://memcog.fernuni.ch/studies/prm_wm_s1/images/bikewheel.png,https://memcog.fernuni.ch/studies/prm_wm_s1/images/menwashroomsign.png,138.18653,NA,31.81020,NA,https://memcog.fernuni.ch/studies/prm_wm_s1/images/funnel.png,https://memcog.fernuni.ch/studies/prm_wm_s1/images/projectorscreen.png,138.18653,NA,31.81020,NA
8,108,3,81,ongoing,ongoing,https://memcog.fernuni.ch/studies/prm_wm_s1/images/gardenutilityvehicle.png,https://memcog.fernuni.ch/studies/prm_wm_s1/images/kidbicycle.png,-86.82271,NA,164.34106,NA,https://memcog.fernuni.ch/studies/prm_wm_s1/images/microwave.png,https://memcog.fernuni.ch/studies/prm_wm_s1/images/shinpad.png,-86.82271,NA,164.34106,NA,https://memcog.fernuni.ch/studies/prm_wm_s1/images/rollercoaster.png,https://memcog.fernuni.ch/studies/prm_wm_s1/images/brasslipstrike.png,-86.82271,NA,164.34106,NA
8,109,1,82,prom,ongoing,https://memcog.fernuni.ch/studies/prm_wm_s1/images/wallclock.png,https://memcog.fernuni.ch/studies/prm_wm_s1/images/watercolorpaintset.png,128.61168,NA,105.75493,NA,https://memcog.fernuni.ch/studies/prm_wm_s1/images/communitymailbox.png,https://memcog.fernuni.ch/studies/prm_wm_s1/images/hotdog.png,128.61168,NA,105.75493,NA,https://memcog.fernuni.ch/studies/prm_wm_s1/images/lantern03.png,https://memcog.fernuni.ch/studies/prm_wm_s1/images/maraca01.png,128.61168,NA,105.75493,NA
8,110,2,82,prom,prom_spec,https://memcog.fernuni.ch/studies/prm_wm_s1/images/accordion.png,https://memcog.fernuni.ch/studies/prm_wm_s1/images/grandpiano.png,-143.13378,17,50.63153,-107,prm_504.jpg,prm_501.jpg,-143.13378,17,50.63153,-107,prm_240.jpg,prm_117.jpg,-143.13378,17,50.63153,-107
8,111,3,82,prom,ongoing,https://memcog.fernuni.ch/studies/prm_wm_s1/images/bun.png,https://memcog.fernuni.ch/studies/prm_wm_s1/images/windshieldwasherfluid.png,-79.42638,NA,-56.56375,NA,https://memcog.fernuni.ch/studies/prm_wm_s1/images/exercisebike.png,https://memcog.fernuni.ch/studies/prm_wm_s1/images/electricoutlet.png,-79.42638,NA,-56.56375,NA,https://memcog.fernuni.ch/studies/prm_wm_s1/images/jarofapplesauce.png,https://memcog.fernuni.ch/studies/prm_wm_s1/images/toytanktruck.png,-79.42638,NA,-56.56375,NA
8,112,1,83,ongoing,ongoing,https://memcog.fernuni.ch/studies/prm_wm_s1/images/icemaker.png,https://memcog.fernuni.ch/studies/prm_wm_s1/images/trafficlight.png,93.49613,NA,-56.36389,NA,https://memcog.fernuni.ch/studies/prm_wm_s1/images/windshieldwasherfluid.png,https://memcog.fernuni.ch/studies/prm_wm_s1/images/basketball01.png,93.49613,NA,-56.36389,NA,https://memcog.fernuni.ch/studies/prm_wm_s1/images/scissorlift.png,https://memcog.fernuni.ch/studies/prm_wm_s1/images/dishrack.png,93.49613,NA,-56.36389,NA
8,113,2,83,ongoing,ongoing,https://memcog.fernuni.ch/studies/prm_wm_s1/images/djmixer01.png,https://memcog.fernuni.ch/studies/prm_wm_s1/images/sandcastle.png,-174.69875,NA,51.64812,NA,https://memcog.fernuni.ch/studies/prm_wm_s1/images/locomotive.png,https://memcog.fernuni.ch/studies/prm_wm_s1/images/shoepolish.png,-174.69875,NA,51.64812,NA,https://memcog.fernuni.ch/studies/prm_wm_s1/images/Jesusstatue.png,https://memcog.fernuni.ch/studies/prm_wm_s1/images/doorbolt.png,-174.69875,NA,51.64812,NA
8,114,3,83,ongoing,ongoing,https://memcog.fernuni.ch/studies/prm_wm_s1/images/footrest02.png,https://memcog.fernuni.ch/studies/prm_wm_s1/images/lightswitch01.png,-49.48521,NA,163.90364,NA,https://memcog.fernuni.ch/studies/prm_wm_s1/images/stairs.png,https://memcog.fernuni.ch/studies/prm_wm_s1/images/eyechart.png,-49.48521,NA,163.90364,NA,https://memcog.fernuni.ch/studies/prm_wm_s1/images/fanheater.png,https://memcog.fernuni.ch/studies/prm_wm_s1/images/garbagebin.png,-49.48521,NA,163.90364,NA
8,115,1,84,ongoing,ongoing,https://memcog.fernuni.ch/studies/prm_wm_s1/images/contactlens.png,https://memcog.fernuni.ch/studies/prm_wm_s1/images/nintendods.png,65.3919,NA,9.839606,NA,https://memcog.fernuni.ch/studies/prm_wm_s1/images/hand01b.png,https://memcog.fernuni.ch/studies/prm_wm_s1/images/safetyglasses.png,65.3919,NA,9.839606,NA,https://memcog.fernuni.ch/studies/prm_wm_s1/images/fluorescentlightbulb.png,https://memcog.fernuni.ch/studies/prm_wm_s1/images/dryingmachine02.png,65.3919,NA,9.839606,NA
8,116,2,84,ongoing,ongoing,https://memcog.fernuni.ch/studies/prm_wm_s1/images/puzzle.png,https://memcog.fernuni.ch/studies/prm_wm_s1/images/goldnugget.png,105.735,NA,153.997056,NA,https://memcog.fernuni.ch/studies/prm_wm_s1/images/jumpingjack.png,https://memcog.fernuni.ch/studies/prm_wm_s1/images/ducttape.png,105.735,NA,153.997056,NA,https://memcog.fernuni.ch/studies/prm_wm_s1/images/lunchbag.png,https://memcog.fernuni.ch/studies/prm_wm_s1/images/onewaysign.png,105.735,NA,153.997056,NA
8,117,3,84,ongoing,ongoing,https://memcog.fernuni.ch/studies/prm_wm_s1/images/bust.png,https://memcog.fernuni.ch/studies/prm_wm_s1/images/martiniglass01b.png,-154.5905,NA,77.730204,NA,https://memcog.fernuni.ch/studies/prm_wm_s1/images/taillight.png,https://memcog.fernuni.ch/studies/prm_wm_s1/images/faucet.png,-154.5905,NA,77.730204,NA,https://memcog.fernuni.ch/studies/prm_wm_s1/images/patiochair.png,https://memcog.fernuni.ch/studies/prm_wm_s1/images/saladspinner.png,-154.5905,NA,77.730204,NA
8,118,1,85,ongoing,ongoing,https://memcog.fernuni.ch/studies/prm_wm_s1/images/candydispenser.png,https://memcog.fernuni.ch/studies/prm_wm_s1/images/bread.png,-83.49136,NA,-42.05484,NA,https://memcog.fernuni.ch/studies/prm_wm_s1/images/watercolorpaintset.png,https://memcog.fernuni.ch/studies/prm_wm_s1/images/memorialplaque.png,-83.49136,NA,-42.05484,NA,https://memcog.fernuni.ch/studies/prm_wm_s1/images/plantpot.png,https://memcog.fernuni.ch/studies/prm_wm_s1/images/pouch01b.png,-83.49136,NA,-42.05484,NA
8,119,2,85,ongoing,ongoing,https://memcog.fernuni.ch/studies/prm_wm_s1/images/jokercard.png,https://memcog.fernuni.ch/studies/prm_wm_s1/images/wetfloorsign.png,115.22099,NA,27.33399,NA,https://memcog.fernuni.ch/studies/prm_wm_s1/images/coffeemaker.png,https://memcog.fernuni.ch/studies/prm_wm_s1/images/shoppingcart.png,115.22099,NA,27.33399,NA,https://memcog.fernuni.ch/studies/prm_wm_s1/images/couch02.png,https://memcog.fernuni.ch/studies/prm_wm_s1/images/addressplate.png,115.22099,NA,27.33399,NA
8,120,3,85,ongoing,ongoing,https://memcog.fernuni.ch/studies/prm_wm_s1/images/nightstand.png,https://memcog.fernuni.ch/studies/prm_wm_s1/images/cremebrulee.png,-36.3636,NA,86.12623,NA,https://memcog.fernuni.ch/studies/prm_wm_s1/images/headlight.png,https://memcog.fernuni.ch/studies/prm_wm_s1/images/toysoldier01b.png,-36.3636,NA,86.12623,NA,https://memcog.fernuni.ch/studies/prm_wm_s1/images/storagebin.png,https://memcog.fernuni.ch/studies/prm_wm_s1/images/entrancegate.png,-36.3636,NA,86.12623,NA